2,"vrchat","previews/vrchat/00/00/00/2_max2560.webp","2026-01-20 21:32:30","2026-02-26 20:10:36","","","",""
3,"vrchat","previews/vrchat/00/00/00/3_max2560.webp","2024-12-22 20:41:00","2026-02-26 22:44:10","","","",""
4,"vrchat","previews/vrchat/00/00/00/4_max2560.webp","2025-04-27 17:04:30","2026-02-26 22:44:11","","","",""
5,"vrchat","previews/vrchat/00/00/00/5_max2560.webp","2025-05-05 23:33:27","2026-02-26 22:44:11","","","",""
6,"vrchat","previews/vrchat/00/00/00/6_max2560.webp","2025-05-24 21:45:24","2026-02-26 22:44:12","","","",""
7,"vrchat","previews/vrchat/00/00/00/7_max2560.webp","2025-05-25 00:51:51","2026-02-26 22:44:12","","","",""
8,"vrchat","previews/vrchat/00/00/00/8_max2560.webp","2025-05-29 22:52:10","2026-02-26 22:44:12","","","",""
9,"vrchat","previews/vrchat/00/00/00/9_max2560.webp","2025-06-02 20:59:04","2026-02-26 22:44:13","","","",""
10,"vrchat","previews/vrchat/00/00/00/10_max2560.webp","2025-06-16 21:21:12","2026-02-26 22:44:13","","","",""
11,"vrchat","previews/vrchat/00/00/00/11_max2560.webp","2025-06-28 22:17:19","2026-02-26 22:44:14","","","",""
12,"vrchat","previews/vrchat/00/00/00/12_max2560.webp","2025-07-03 22:41:17","2026-02-26 22:44:14","","","",""
13,"vrchat","previews/vrchat/00/00/00/13_max2560.webp","2025-07-09 23:19:15","2026-02-26 22:44:15","","","",""
14,"vrchat","previews/vrchat/00/00/00/14_max2560.webp","2024-08-31 19:33:24","2026-02-27 02:28:02","","","",""
20,"vrchat","previews/vrchat/00/00/00/20_max2560.webp","2024-08-31 20:31:45","2026-02-27 02:28:08","","","",""
21,"vrchat","previews/vrchat/00/00/00/21_max2560.webp","2024-09-08 01:47:23","2026-02-27 02:28:10","","","",""
22,"vrchat","previews/vrchat/00/00/00/22_max2560.webp","2024-09-16 02:06:36","2026-02-27 02:28:11","","","",""
23,"vrchat","previews/vrchat/00/00/00/23_max2560.webp","2024-09-23 00:59:13","2026-02-27 02:28:13","","","",""
24,"vrchat","previews/vrchat/00/00/00/24_max2560.webp","2024-10-10 19:36:07","2026-02-27 02:28:14","","","",""
25,"vrchat","previews/vrchat/00/00/00/25_max2560.webp","2024-10-12 00:03:54","2026-02-27 02:28:15","","","",""
26,"vrchat","previews/vrchat/00/00/00/26_max2560.webp","2024-10-12 01:51:39","2026-02-27 02:28:16","","","",""
27,"vrchat","previews/vrchat/00/00/00/27_max2560.webp","2024-10-13 21:51:40","2026-02-27 02:28:17","","","",""
28,"vrchat","previews/vrchat/00/00/00/28_max2560.webp","2024-10-28 23:49:25","2026-02-27 02:28:19","","","",""
29,"vrchat","previews/vrchat/00/00/00/29_max2560.webp","2024-10-30 22:33:33","2026-02-27 02:28:20","","","",""
30,"vrchat","previews/vrchat/00/00/00/30_max2560.webp","2024-11-08 22:19:02","2026-02-27 02:28:21","","","",""
31,"vrchat","previews/vrchat/00/00/00/31_max2560.webp","2024-11-09 03:52:40","2026-02-27 02:28:22","","","",""
32,"vrchat","previews/vrchat/00/00/00/32_max2560.webp","2024-11-10 19:30:03","2026-02-27 02:28:23","","","",""
33,"vrchat","previews/vrchat/00/00/00/33_max2560.webp","2024-11-10 21:03:33","2026-02-27 02:28:25","","","",""
34,"vrchat","previews/vrchat/00/00/00/34_max2560.webp","2024-11-10 21:14:22","2026-02-27 02:28:26","","","",""
35,"vrchat","previews/vrchat/00/00/00/35_max2560.webp","2024-11-10 21:20:38","2026-02-27 02:28:27","","","",""
36,"vrchat","previews/vrchat/00/00/00/36_max2560.webp","2024-11-10 23:06:57","2026-02-27 02:28:28","","","",""
37,"vrchat","previews/vrchat/00/00/00/37_max2560.webp","2024-11-16 15:04:00","2026-02-27 02:28:29","","","",""
38,"vrchat","previews/vrchat/00/00/00/38_max2560.webp","2024-11-17 19:56:16","2026-02-27 02:28:30","","","",""
39,"vrchat","previews/vrchat/00/00/00/39_max2560.webp","2024-11-17 21:16:49","2026-02-27 02:28:31","","","",""
40,"vrchat","previews/vrchat/00/00/00/40_max2560.webp","2024-11-17 22:25:12","2026-02-27 02:28:33","","","",""
41,"vrchat","previews/vrchat/00/00/00/41_max2560.webp","2024-11-23 00:39:07","2026-02-27 02:28:34","","","",""
42,"vrchat","previews/vrchat/00/00/00/42_max2560.webp","2024-11-24 22:44:16","2026-02-27 02:28:35","","","",""
43,"vrchat","previews/vrchat/00/00/00/43_max2560.webp","2024-11-25 23:21:17","2026-02-27 02:28:36","","","",""
44,"vrchat","previews/vrchat/00/00/00/44_max2560.webp","2024-11-26 22:07:25","2026-02-27 02:28:38","","","",""
45,"vrchat","previews/vrchat/00/00/00/45_max2560.webp","2024-11-28 23:22:08","2026-02-27 02:28:39","","","",""
46,"vrchat","previews/vrchat/00/00/00/46_max2560.webp","2024-11-29 00:52:02","2026-02-27 02:28:40","","","",""
47,"vrchat","previews/vrchat/00/00/00/47_max2560.webp","2024-11-29 23:45:18","2026-02-27 02:28:41","","","",""
48,"vrchat","previews/vrchat/00/00/00/48_max2560.webp","2024-11-30 00:21:58","2026-02-27 02:28:42","","","",""
49,"vrchat","previews/vrchat/00/00/00/49_max2560.webp","2024-12-04 00:08:41","2026-02-27 02:28:43","","","",""
50,"vrchat","previews/vrchat/00/00/00/50_max2560.webp","2024-12-18 23:55:38","2026-02-27 02:28:44","","","",""
51,"vrchat","previews/vrchat/00/00/00/51_max2560.webp","2024-12-22 21:43:04","2026-02-27 02:28:46","","","",""
52,"vrchat","previews/vrchat/00/00/00/52_max2560.webp","2024-12-22 22:23:57","2026-02-27 02:28:47","","","",""
53,"vrchat","previews/vrchat/00/00/00/53_max2560.webp","2024-12-31 03:12:11","2026-02-27 02:28:50","","","",""
54,"vrchat","previews/vrchat/00/00/00/54_max2560.webp","2025-01-11 13:15:46","2026-02-27 02:28:51","","","",""
55,"vrchat","previews/vrchat/00/00/00/55_max2560.webp","2025-01-18 19:50:47","2026-02-27 02:28:57","","","",""
56,"vrchat","previews/vrchat/00/00/00/56_max2560.webp","2025-01-22 22:04:24","2026-02-27 02:28:58","","","",""
57,"vrchat","previews/vrchat/00/00/00/57_max2560.webp","2025-01-23 22:30:05","2026-02-27 02:28:59","","","",""
58,"vrchat","previews/vrchat/00/00/00/58_max2560.webp","2025-02-02 03:38:09","2026-02-27 02:29:00","","","",""
59,"vrchat","previews/vrchat/00/00/00/59_max2560.webp","2025-02-12 21:45:25","2026-02-27 02:29:02","","","",""
60,"vrchat","previews/vrchat/00/00/00/60_max2560.webp","2025-02-13 22:59:38","2026-02-27 02:29:03","","","",""
61,"vrchat","previews/vrchat/00/00/00/61_max2560.webp","2025-02-16 22:45:16","2026-02-27 02:29:04","","","",""
62,"vrchat","previews/vrchat/00/00/00/62_max2560.webp","2025-02-24 15:24:11","2026-02-27 02:29:05","","","",""
63,"vrchat","previews/vrchat/00/00/00/63_max2560.webp","2025-03-09 00:52:33","2026-02-27 02:29:06","","","",""
64,"vrchat","previews/vrchat/00/00/00/64_max2560.webp","2025-03-09 02:46:31","2026-02-27 02:29:08","","","",""
65,"vrchat","previews/vrchat/00/00/00/65_max2560.webp","2025-03-09 05:47:23","2026-02-27 02:29:09","","","",""
66,"vrchat","previews/vrchat/00/00/00/66_max2560.webp","2025-03-09 18:37:52","2026-02-27 02:29:10","","","",""
67,"vrchat","previews/vrchat/00/00/00/67_max2560.webp","2025-03-09 23:12:48","2026-02-27 02:29:11","","","",""
68,"vrchat","previews/vrchat/00/00/00/68_max2560.webp","2025-04-03 22:33:16","2026-02-27 02:29:13","","","",""
69,"vrchat","previews/vrchat/00/00/00/69_max2560.webp","2025-04-08 23:25:54","2026-02-27 02:29:14","","","",""
70,"vrchat","previews/vrchat/00/00/00/70_max2560.webp","2025-04-13 16:46:23","2026-02-27 02:29:15","","","",""
71,"vrchat","previews/vrchat/00/00/00/71_max2560.webp","2025-04-19 01:08:40","2026-02-27 02:29:16","","","",""
72,"vrchat","previews/vrchat/00/00/00/72_max2560.webp","2025-04-19 01:31:08","2026-02-27 02:29:17","","","",""
73,"vrchat","previews/vrchat/00/00/00/73_max2560.webp","2025-04-21 21:36:22","2026-02-27 02:29:18","","","",""
74,"vrchat","previews/vrchat/00/00/00/74_max2560.webp","2025-04-21 22:51:13","2026-02-27 02:29:19","","","",""
75,"vrchat","previews/vrchat/00/00/00/75_max2560.webp","2025-04-26 19:02:52","2026-02-27 02:29:20","","","",""
76,"vrchat","previews/vrchat/00/00/00/76_max2560.webp","2025-04-27 03:58:52","2026-02-27 02:29:21","","","",""
77,"vrchat","previews/vrchat/00/00/00/77_max2560.webp","2025-04-27 21:24:50","2026-02-27 02:29:22","","","",""
78,"vrchat","previews/vrchat/00/00/00/78_max2560.webp","2025-04-29 00:08:03","2026-02-27 02:29:23","","","",""
79,"vrchat","previews/vrchat/00/00/00/79_max2560.webp","2025-05-06 00:11:17","2026-02-27 02:29:25","","","",""
80,"vrchat","previews/vrchat/00/00/00/80_max2560.webp","2025-05-17 01:24:43","2026-02-27 02:29:25","","","",""
81,"vrchat","previews/vrchat/00/00/00/81_max2560.webp","2025-05-17 22:36:51","2026-02-27 02:29:27","","","",""
82,"vrchat","previews/vrchat/00/00/00/82_max2560.webp","2025-05-17 22:40:32","2026-02-27 02:29:28","","","",""
83,"vrchat","previews/vrchat/00/00/00/83_max2560.webp","2025-05-17 22:50:04","2026-02-27 02:29:29","","","",""
84,"vrchat","previews/vrchat/00/00/00/84_max2560.webp","2025-05-17 22:56:54","2026-02-27 02:29:30","","","",""
85,"vrchat","previews/vrchat/00/00/00/85_max2560.webp","2025-05-17 23:10:38","2026-02-27 02:29:31","","","",""
86,"vrchat","previews/vrchat/00/00/00/86_max2560.webp","2025-05-17 23:13:37","2026-02-27 02:29:32","","","",""
88,"vrchat","previews/vrchat/00/00/00/88_max2560.webp","2025-05-17 23:23:02","2026-02-27 02:29:35","","","",""
89,"vrchat","previews/vrchat/00/00/00/89_max2560.webp","2025-05-17 23:27:21","2026-02-27 02:29:37","","","",""
90,"vrchat","previews/vrchat/00/00/00/90_max2560.webp","2025-05-17 23:31:16","2026-02-27 02:29:37","","","",""
91,"vrchat","previews/vrchat/00/00/00/91_max2560.webp","2025-05-17 23:50:51","2026-02-27 02:29:39","","","",""
92,"vrchat","previews/vrchat/00/00/00/92_max2560.webp","2025-05-18 00:26:11","2026-02-27 02:29:40","","","",""
93,"vrchat","previews/vrchat/00/00/00/93_max2560.webp","2025-05-18 00:26:28","2026-02-27 02:29:41","","","",""
95,"vrchat","previews/vrchat/00/00/00/95_max2560.webp","2025-05-18 00:30:22","2026-02-27 02:29:44","","","",""
96,"vrchat","previews/vrchat/00/00/00/96_max2560.webp","2025-05-18 00:42:04","2026-02-27 02:29:45","","","",""
97,"vrchat","previews/vrchat/00/00/00/97_max2560.webp","2025-05-18 00:45:36","2026-02-27 02:29:46","","","",""
98,"vrchat","previews/vrchat/00/00/00/98_max2560.webp","2025-05-18 01:00:52","2026-02-27 02:29:48","","","",""
99,"vrchat","previews/vrchat/00/00/00/99_max2560.webp","2025-05-18 01:19:09","2026-02-27 02:29:49","","","",""
100,"vrchat","previews/vrchat/00/00/01/100_max2560.webp","2025-05-18 01:48:09","2026-02-27 02:29:50","","","",""
101,"vrchat","previews/vrchat/00/00/01/101_max2560.webp","2025-05-18 01:51:51","2026-02-27 02:29:51","","","",""
103,"vrchat","previews/vrchat/00/00/01/103_max2560.webp","2025-05-25 01:39:10","2026-02-27 02:29:54","","","",""
104,"vrchat","previews/vrchat/00/00/01/104_max2560.webp","2025-06-09 22:43:46","2026-02-27 02:29:57","","","",""
105,"vrchat","previews/vrchat/00/00/01/105_max2560.webp","2025-06-17 21:02:08","2026-02-27 02:29:58","","","",""
106,"vrchat","previews/vrchat/00/00/01/106_max2560.webp","2025-06-17 23:38:12","2026-02-27 02:29:59","","","",""
107,"vrchat","previews/vrchat/00/00/01/107_max2560.webp","2025-06-25 21:16:27","2026-02-27 02:30:00","","","",""
108,"vrchat","previews/vrchat/00/00/01/108_max2560.webp","2025-06-25 22:31:08","2026-02-27 02:30:01","","","",""
109,"vrchat","previews/vrchat/00/00/01/109_max2560.webp","2025-07-02 21:43:33","2026-02-27 02:30:02","","","",""
110,"vrchat","previews/vrchat/00/00/01/110_max2560.webp","2025-07-25 23:17:33","2026-02-27 02:30:04","","","",""
111,"vrchat","previews/vrchat/00/00/01/111_max2560.webp","2025-07-26 23:18:30","2026-02-27 02:30:06","","","",""
112,"vrchat","previews/vrchat/00/00/01/112_max2560.webp","2025-07-26 23:35:02","2026-02-27 02:30:07","","","",""
113,"vrchat","previews/vrchat/00/00/01/113_max2560.webp","2025-08-01 23:11:11","2026-02-27 02:30:08","","","",""
114,"vrchat","previews/vrchat/00/00/01/114_max2560.webp","2025-08-08 21:44:04","2026-02-27 02:30:09","","","",""
115,"vrchat","previews/vrchat/00/00/01/115_max2560.webp","2025-08-16 04:14:12","2026-02-27 02:30:10","","","",""
116,"vrchat","previews/vrchat/00/00/01/116_max2560.webp","2025-08-22 22:45:05","2026-02-27 02:30:11","","","",""
117,"vrchat","previews/vrchat/00/00/01/117_max2560.webp","2025-08-23 16:34:47","2026-02-27 02:30:12","","","",""
118,"vrchat","previews/vrchat/00/00/01/118_max2560.webp","2025-08-24 00:41:02","2026-02-27 02:30:13","","","",""
119,"vrchat","previews/vrchat/00/00/01/119_max2560.webp","2025-08-24 01:02:02","2026-02-27 02:30:14","","","",""
120,"vrchat","previews/vrchat/00/00/01/120_max2560.webp","2025-08-31 23:14:24","2026-02-27 02:30:15","","","",""
121,"vrchat","previews/vrchat/00/00/01/121_max2560.webp","2025-09-07 20:25:54","2026-02-27 02:30:16","","","",""
122,"vrchat","previews/vrchat/00/00/01/122_max2560.webp","2025-09-12 23:06:32","2026-02-27 02:30:17","","","",""
123,"vrchat","previews/vrchat/00/00/01/123_max2560.webp","2025-09-15 13:45:40","2026-02-27 02:30:18","","","",""
124,"vrchat","previews/vrchat/00/00/01/124_max2560.webp","2025-09-15 13:48:39","2026-02-27 02:30:20","","","",""
125,"vrchat","previews/vrchat/00/00/01/125_max2560.webp","2025-09-18 00:02:40","2026-02-27 02:30:21","","","",""
126,"vrchat","previews/vrchat/00/00/01/126_max2560.webp","2025-09-20 01:49:56","2026-02-27 02:30:22","","","",""
127,"vrchat","previews/vrchat/00/00/01/127_max2560.webp","2025-09-29 21:16:01","2026-02-27 02:30:23","","","",""
128,"vrchat","previews/vrchat/00/00/01/128_max2560.webp","2025-09-29 21:27:42","2026-02-27 02:30:24","","","",""
129,"vrchat","previews/vrchat/00/00/01/129_max2560.webp","2025-10-09 23:09:24","2026-02-27 02:30:25","","","",""
130,"vrchat","previews/vrchat/00/00/01/130_max2560.webp","2025-10-14 22:46:36","2026-02-27 02:30:30","","","",""
131,"vrchat","previews/vrchat/00/00/01/131_max2560.webp","2025-10-16 00:28:41","2026-02-27 02:30:32","","","",""
132,"vrchat","previews/vrchat/00/00/01/132_max2560.webp","2025-10-21 23:36:24","2026-02-27 02:30:34","","","",""
133,"vrchat","previews/vrchat/00/00/01/133_max2560.webp","2025-10-26 02:04:19","2026-02-27 02:30:36","","","",""
134,"vrchat","previews/vrchat/00/00/01/134_max2560.webp","2025-11-03 00:56:41","2026-02-27 02:30:38","","","",""
135,"vrchat","previews/vrchat/00/00/01/135_max2560.webp","2025-11-04 22:00:48","2026-02-27 02:30:40","","","",""
136,"vrchat","previews/vrchat/00/00/01/136_max2560.webp","2025-11-05 00:00:25","2026-02-27 02:30:42","","","",""
137,"vrchat","previews/vrchat/00/00/01/137_max2560.webp","2025-11-05 20:40:57","2026-02-27 02:30:44","","","",""
138,"vrchat","previews/vrchat/00/00/01/138_max2560.webp","2025-11-08 22:34:53","2026-02-27 02:30:47","","","",""
139,"vrchat","previews/vrchat/00/00/01/139_max2560.webp","2025-11-12 23:04:44","2026-02-27 02:30:49","","","",""
140,"vrchat","previews/vrchat/00/00/01/140_max2560.webp","2025-11-16 02:36:37","2026-02-27 02:30:50","","","",""
141,"vrchat","previews/vrchat/00/00/01/141_max2560.webp","2025-11-16 23:48:10","2026-02-27 02:30:52","","","",""
142,"vrchat","previews/vrchat/00/00/01/142_max2560.webp","2025-11-17 23:50:05","2026-02-27 02:30:54","","","",""
143,"vrchat","previews/vrchat/00/00/01/143_max2560.webp","2025-12-04 21:04:33","2026-02-27 02:30:56","","","",""
144,"vrchat","previews/vrchat/00/00/01/144_max2560.webp","2025-12-09 23:32:25","2026-02-27 02:30:57","","","",""
145,"vrchat","previews/vrchat/00/00/01/145_max2560.webp","2026-01-03 23:22:28","2026-02-27 02:30:59","","","",""
146,"vrchat","previews/vrchat/00/00/01/146_max2560.webp","2026-01-04 00:24:11","2026-02-27 02:31:00","","","",""
147,"vrchat","previews/vrchat/00/00/01/147_max2560.webp","2026-01-23 00:12:48","2026-02-27 02:31:02","","","",""
